INSERT INTO TPDEPARTMENT VALUES (1001, 83304, 'D1', 'Aaron Bergman', '453-9342');
INSERT INTO TPDEPARTMENT VALUES (1001, 83308,'D1', 'Aaron Bergman', '495-3082');
INSERT INTO TPDEPARTMENT VALUES (1001, 83312,'D1','Aaron Bergman', '632-8197');
INSERT INTO TPDEPARTMENT VALUES (1002, 83314,'D2','Darren Powers', '726-5086');
INSERT INTO TPDEPARTMENT VALUES (1003, 83318, 'D3','Michael Stewart','680-6124');
INSERT INTO TPDEPARTMENT VALUES (1001, 83321,'D1','Aaron Bergman', '734-7097');
INSERT INTO TPDEPARTMENT VALUES (1002, 83332,'D2','Darren Powers', '242-1979');
INSERT INTO TPDEPARTMENT VALUES (1001, 83341,'D1', 'Aaron Bergman', '508-3269');
INSERT INTO TPDEPARTMENT VALUES (1005, 83347,'D5','Brad Eason', '653-6753');
INSERT INTO TPDEPARTMENT VALUES (1004, 83349,'D4','Alan Schoenberger', '722-9727');
INSERT INTO TPDEPARTMENT VALUES (1002, 83359, 'D2','Darren Powers', '406-3691');
INSERT INTO TPDEPARTMENT VALUES (1002, 83366, 'D2','Darren Powers', '686-7916');
INSERT INTO TPDEPARTMENT VALUES (1002, 83371, 'D2','Darren Powers', '512-3569');
INSERT INTO TPDEPARTMENT VALUES (1001, 83372,'D1','Aaron Bergman', '326-1880');
INSERT INTO TPDEPARTMENT VALUES (1005, 83374,'D5', 'Brad Eason', '305-1308');
INSERT INTO TPDEPARTMENT VALUES (1006, 83378, 'D6', 'Justin Ritter', '255-9624');
INSERT INTO TPDEPARTMENT VALUES (1005, 83382, 'D5','Brad Eason', '511-5282');
INSERT INTO TPDEPARTMENT VALUES (1004, 83385, 'D4','Alan Schoenberger', '888-6311');
INSERT INTO TPDEPARTMENT VALUES (1003, 83398, 'D3','Michael Stewart', '342-9233');
INSERT INTO TPDEPARTMENT VALUES (1002, 83403,'D2', 'Darren Powers', '310-1479');

INSERT INTO TPEMPLOYEE VALUES (83304, 1001,'TAMARA MCDONALD', 'ASSOCIATE', 'T.MCDONA3@GMAIL.COM', '453-9342');
INSERT INTO TPEMPLOYEE VALUES (83308, 1001,'CONNIE LOVE', 'SENIOR ASSOCIATE', 'C.LOVE77@GMAIL.COM', '495-3082');
INSERT INTO TPEMPLOYEE VALUES (83312, 1001,'ROSALBA BAKER', 'ASSOCIATE', 'R.BAKER9@GMAIL.COM', '632-8197');
INSERT INTO TPEMPLOYEE VALUES (83314, 1002, 'CHAROLETTE DAVID', 'ASSOCIATE', 'C.DAVID84@GMAIL.COM', '726-5086');
INSERT INTO TPEMPLOYEE VALUES (83318, 1003,'DARCIE PECK', 'FREIGHT STOCKER', 'D.PECK4@GMAIL.COM', '680-6124');
INSERT INTO TPEMPLOYEE VALUES (83321, 1001,'ANGELINA FARMER', 'BRAND ASSOCIATE', 'A.FARMER86@GMAIL.COM', '734-7097');
INSERT INTO TPEMPLOYEE VALUES (83332, 1002,'WILLARD LONG', 'BRAND ASSOCIATE', 'W.LONG1@GMAIL.COM', '242-1979');
INSERT INTO TPEMPLOYEE VALUES (83341, 1001,'CHRISTINE CORTEZ', 'ASSOCIATE', 'C.CORTEZ85@GMAIL.COM', '508-3269');
INSERT INTO TPEMPLOYEE VALUES (83347, 1005,'QUINTIN WINN', 'SENIOR FREIGHTER', 'Q.WINN82@GMAIL.COM', '653-6753');
INSERT INTO TPEMPLOYEE VALUES (83349, 1004,'JENNIFFER SINGH', 'SENIOR FREIGHTER', 'J.SINGH87@GMAIL.COM', '722-9727');
INSERT INTO TPEMPLOYEE VALUES (83359, 1002,'MERLE WATTS', 'SENIOR ASSOCIATE', 'M.WATTS90@GMAIL.COM', '406-3691');
INSERT INTO TPEMPLOYEE VALUES (83366, 1002,'PHOEBE BLEDSOE', 'ASSOCIATE', 'P.BLEDSO99@GMAIL.COM', '686-7916');
INSERT INTO TPEMPLOYEE VALUES (83371, 1002,'ROXANE MATHEWS', 'FREIGHT STOCKER', 'R.MATHEW94@GMAIL.COM', '512-3569');
INSERT INTO TPEMPLOYEE VALUES (83372, 1001,'CLAUDINE DAHL', 'DRIVER', 'C.DAHL90@GMAIL.COM', '326-1880');
INSERT INTO TPEMPLOYEE VALUES (83374, 1005,'DARRON TILLEY', 'FREIGHT STOCKER', 'D.TILLEY1@GMAIL.COM', '305-1308');
INSERT INTO TPEMPLOYEE VALUES (83378, 1006,'FELICIA DUNHAM', 'ASSOCIATE', 'F.DUNHAM5@GMAIL.COM', '255-9624');
INSERT INTO TPEMPLOYEE VALUES (83382, 1005,'STELLA CONKLIN', 'ASSOCIATE', 'S.CONKLI80@GMAIL.COM', '511-5282');
INSERT INTO TPEMPLOYEE VALUES (83385, 1004,'BRODERICK COLBERT', 'FREIGHT STOCKER', 'B.COLBER91@GMAIL.COM', '888-6311');
INSERT INTO TPEMPLOYEE VALUES (83398, 1003,'ZACK GILES', 'FREIGHT STOCKER', 'Z.GILES9@GMAIL.COM', '342-9233');
INSERT INTO TPEMPLOYEE VALUES (83403, 1002,'FELICITA PONCE', 'FREIGHT STOCKER', 'F.PONCE79@GMAIL.COM', '310-1479');

INSERT INTO TPCUSTOMER VALUES(8240222,'Jack','Ja8779@gmail.com','105-970-8406');
INSERT INTO TPCUSTOMER VALUES(8240223,'Miles','Mi5237@gmail.com','906-798-6145');
INSERT INTO TPCUSTOMER VALUES(8240224,'Yash','Ya7261@gmail.com','995-998-6157');
INSERT INTO TPCUSTOMER VALUES(8240225,'Yuki','Yu8389@gmail.com','157-103-7423');
INSERT INTO TPCUSTOMER VALUES(8240250,'Amanda','Am7693@gmail.com','809-162-9721');
INSERT INTO TPCUSTOMER VALUES(8240226,'Shadman','Sh4353@gmail.com','596-621-5923');
INSERT INTO TPCUSTOMER VALUES(8240227,'Xi','Xi4233@gmail.com','163-440-3039');
INSERT INTO TPCUSTOMER VALUES(8240228,'Robert','Ro545@gmail.com','596-245-6381');
INSERT INTO TPCUSTOMER VALUES(8240229,'Jesse','Je3356@gmail.com','866-649-3731');
INSERT INTO TPCUSTOMER VALUES(8240230,'Ish','Is4006@gmail.com','981-147-6821');
INSERT INTO TPCUSTOMER VALUES(8240231,'Oyin','Oy28@gmail.com','301-157-8415');
INSERT INTO TPCUSTOMER VALUES(8240232,'Zoe','Zo4593@gmail.com','179-163-6246');
INSERT INTO TPCUSTOMER VALUES(8240233,'Rachel','Ra8900@gmail.com','606-843-5551');
INSERT INTO TPCUSTOMER VALUES(8240234,'BinBin','Bi1645@gmail.com','889-382-4957');
INSERT INTO TPCUSTOMER VALUES(8240235,'Shang','Sh8650@gmail.com','165-502-4819');
INSERT INTO TPCUSTOMER VALUES(8240236,'Hao','Ha8187@gmail.com','584-723-1608');
INSERT INTO TPCUSTOMER VALUES(8240237,'Gilly','Gi192@gmail.com','392-299-5001');
INSERT INTO TPCUSTOMER VALUES(8240238,'Feld','Fe271@gmail.com','982-831-2413');
INSERT INTO TPCUSTOMER VALUES(8240239,'Thomas','Th2205@gmail.com','373-114-2900');
INSERT INTO TPCUSTOMER VALUES(8240240,'Karen','Ka2552@gmail.com','962-153-2905');
INSERT INTO TPCUSTOMER VALUES(8240241,'Leslie','Le914@gmail.com','859-335-4688');
INSERT INTO TPCUSTOMER VALUES(8240242,'Travis','Tr8615@gmail.com','498-465-2302');
INSERT INTO TPCUSTOMER VALUES(8240243,'Oscar','Os716@gmail.com','249-516-9127');
INSERT INTO TPCUSTOMER VALUES(8240244,'Paul','Pa4470@gmail.com','305-566-1140');
INSERT INTO TPCUSTOMER VALUES(8240245,'Qi','Qi982@gmail.com','813-547-4845');
INSERT INTO TPCUSTOMER VALUES(8240246,'Ashley','As3000@gmail.com','599-843-9497');
INSERT INTO TPCUSTOMER VALUES(8240247,'Sung','Su2536@gmail.com','971-798-7007');
INSERT INTO TPCUSTOMER VALUES(8240248,'Peter','Pe6354@gmail.com','453-364-9847');
INSERT INTO TPCUSTOMER VALUES(8240249,'Steven','St8743@gmail.com','589-461-8699');

INSERT INTO TPSALES_CHANNEL VALUES (1660,'BestBuy');
INSERT INTO TPSALES_CHANNEL VALUES (1661,'IKEA');
INSERT INTO TPSALES_CHANNEL VALUES (1662,'Costco');
INSERT INTO TPSALES_CHANNEL VALUES (1666,'WalMART');
INSERT INTO TPSALES_CHANNEL VALUES (1667,'Target');
INSERT INTO TPSALES_CHANNEL VALUES (1668,'IKEA');
INSERT INTO TPSALES_CHANNEL VALUES (1669,'STAPLE');
INSERT INTO TPSALES_CHANNEL VALUES (1672,'Amazon');
INSERT INTO TPSALES_CHANNEL VALUES (1676,'J.C.Penny');
INSERT INTO TPSALES_CHANNEL VALUES (1682,'Lowe');

INSERT INTO TPSUPPLIER VALUES (2001, 'MARS TRADERS',  '554-653-8624');
INSERT INTO TPSUPPLIER VALUES (2011, 'RIWITS',  '534-673-8452');
INSERT INTO TPSUPPLIER VALUES (2012, 'SIMPHONIES',  '534-852-1432');
INSERT INTO TPSUPPLIER VALUES (2019, 'MAKS',  '555-745-7456');
INSERT INTO TPSUPPLIER VALUES (2098, 'JONAS SUPPLIES',  '434-662-5367');

INSERT INTO TPPRODUCT_TYPE VALUES (1201,'Office Supplies');
INSERT INTO TPPRODUCT_TYPE VALUES (1202,'Computer&Accesories');
INSERT INTO TPPRODUCT_TYPE VALUES (1203,'Furniture');
INSERT INTO TPPRODUCT_TYPE VALUES (1204,'Multimedia');
INSERT INTO TPPRODUCT_TYPE VALUES (1205,'General Appliance');
INSERT INTO TPPRODUCT_TYPE VALUES (1206,'Storage');

INSERT INTO TPWAREHOUSE VALUES (101, 'ACTIVEWEAR WAREHOUSE', 'HOUSTON, TX');
INSERT INTO TPWAREHOUSE VALUES (102, 'TURTLE WAREHOUSE', 'COLUMBUS, OH');
INSERT INTO TPWAREHOUSE VALUES (103, 'EAST MANCHESTER WAREHOUSE', 'Los Angeles, CA');
INSERT INTO TPWAREHOUSE VALUES (104, 'ARSENAL WAREHOUSE', 'DETROIT MI');

INSERT INTO TPPAYMENTS VALUES (10001,8240222, 'MASTERCARD', 299.89, '2020-01-03');
INSERT INTO TPPAYMENTS VALUES (10002,8240224, 'DISCOVER', 669.29, '2020-01-24');
INSERT INTO TPPAYMENTS VALUES (10003,8240226, 'CASH', 299.89, '2020-01-27');
INSERT INTO TPPAYMENTS VALUES (10004,8240229, 'CASH', 599.19, '2020-02-08');
INSERT INTO TPPAYMENTS VALUES (10005,8240226, 'VISA', 229.89, '2020-02-10');
INSERT INTO TPPAYMENTS VALUES (10006,8240237, 'VISA', 399.99, '2020-02-23');
INSERT INTO TPPAYMENTS VALUES (10007,8240224, 'MASTERCARD', 100.00, '2020-03-03');
INSERT INTO TPPAYMENTS VALUES (10008,8240226, 'DISCOVER', 169.89, '2020-03-05');
INSERT INTO TPPAYMENTS VALUES (10009,8240229, 'CASH', 399.99, '2020-03-07');
INSERT INTO TPPAYMENTS VALUES (10010,8240224, 'CASH', 439.99, '2020-03-08');
INSERT INTO TPPAYMENTS VALUES (10011,8240237, 'AMEX', 453.99, '2020-03-18');
INSERT INTO TPPAYMENTS VALUES (10012,8240222, 'CASH', 400.59, '2020-03-28');
INSERT INTO TPPAYMENTS VALUES (10013,8240241, 'CASH', 234.59, '2020-04-09');
INSERT INTO TPPAYMENTS VALUES (10014,8240248, 'MASTERCARD', 149.59, '2020-04-10');
INSERT INTO TPPAYMENTS VALUES (10015,8240222, 'VISA', 229.76, '2020-04-12');
INSERT INTO TPPAYMENTS VALUES (10015,8240249, 'CASH', 129.64, '2020-04-20');
INSERT INTO TPPAYMENTS VALUES (10016,8240224, 'CASH', 529.74, '2020-04-25');
INSERT INTO TPPAYMENTS VALUES (10017,8240222, 'VISA', 829.60, '2020-04-27');
INSERT INTO TPPAYMENTS VALUES (10018,8240241, 'CASH', 229.81, '2020-05-03');
INSERT INTO TPPAYMENTS VALUES (10019,8240222, 'VISA', 262.65, '2020-05-10');
INSERT INTO TPPAYMENTS VALUES (10020,8240229, 'CASH', 259.56, '2020-05-15');
INSERT INTO TPPAYMENTS VALUES (10021,8240224, 'CASH', 251.56, '2020-05-24');
INSERT INTO TPPAYMENTS VALUES (10022,8240224, 'DISCOVER', 439.99, '2020-06-08');
INSERT INTO TPPAYMENTS VALUES (10023,8240237, 'AMEX', 453.99, '2020-06-17');
INSERT INTO TPPAYMENTS VALUES (10024,8240222, 'CASH', 149.59, '2020-06-23');
INSERT INTO TPPAYMENTS VALUES (10025,8240241, 'VISA', 234.59, '2020-07-09');
INSERT INTO TPPAYMENTS VALUES (10026,8240222, 'MASTERCARD', 299.89, '2020-07-21');
INSERT INTO TPPAYMENTS VALUES (10027,8240237, 'DISCOVER', 669.29, '2020-07-25');
INSERT INTO TPPAYMENTS VALUES (10028,8240226, 'VISA', 249.89, '2020-08-02');
INSERT INTO TPPAYMENTS VALUES (10029,8240229, 'CASH', 539.79, '2020-08-12');
INSERT INTO TPPAYMENTS VALUES (10030,8240222, 'DISCOVER', 262.65, '2020-08-15');
INSERT INTO TPPAYMENTS VALUES (10031,8240229, 'CASH', 258.56, '2020-08-18');
INSERT INTO TPPAYMENTS VALUES (10032,8240224, 'MASTERCARD', 500.56, '2020-08-20');
INSERT INTO TPPAYMENTS VALUES (10033,8240226, 'CASH', 299.89, '2020-09-14');
INSERT INTO TPPAYMENTS VALUES (10034,8240229, 'CASH', 599.19, '2020-09-19');
INSERT INTO TPPAYMENTS VALUES (10035,8240226, 'VISA', 229.89, '2020-10-02');
INSERT INTO TPPAYMENTS VALUES (10036,8240237, 'MASTERCARD', 399.99, '2020-10-05');
INSERT INTO TPPAYMENTS VALUES (10037,8240224, 'CASH', 109.00, '2020-10-27');
INSERT INTO TPPAYMENTS VALUES (10038,8240241, 'CASH', 234.59, '2020-11-11');
INSERT INTO TPPAYMENTS VALUES (10039,8240248, 'CASH', 149.59, '2020-11-17');
INSERT INTO TPPAYMENTS VALUES (10040,8240222, 'AMEX', 229.76, '2020-11-22');
INSERT INTO TPPAYMENTS VALUES (10041,8240249, 'AMEX', 129.64, '2020-12-06');
INSERT INTO TPPAYMENTS VALUES (10042,8240224, 'VISA', 529.74, '2020-12-12');
INSERT INTO TPPAYMENTS VALUES (10043,8240222, 'CASH', 829.60, '2020-12-17');
INSERT INTO TPPAYMENTS VALUES (10044,8240241, 'MASTERCARD', 229.81, '2020-12-26');


INSERT INTO TPINVOICE VALUES(200001,50009,8240231,1660,83349,"2020-1-1","AUSTIN","TEXAS","SOUTH",2);
INSERT INTO TPINVOICE VALUES(200002,50087,8240232,1682,83385,"2020-1-9","OAKLAND","CALIFORNIA","WEST",1);
INSERT INTO TPINVOICE VALUES(200003,50035,8240226,1660,83359,"2020-1-23","PALO ALTO","CALIFORNIA","WEST",1);
INSERT INTO TPINVOICE VALUES(200004,50052,8240246,1666,83366,"2020-1-25","HONOLULU","HAWAII","WEST",1);
INSERT INTO TPINVOICE VALUES(200005,50005,8240237,1682,83366,"2020-2-9","ARLINGTON","VIRGINIA","SOUTH",5);
INSERT INTO TPINVOICE VALUES(200006,50029,8240239,1660,83403,"2020-2-13","HOUSTON","TEXAS","SOUTH",4);
INSERT INTO TPINVOICE VALUES(200007,50011,8240233,1662,83403,"2020-2-22","NEW YORK","NEW YORK","NORTHEAST",3);
INSERT INTO TPINVOICE VALUES(200008,50068,8240238,1669,83312,"2020-3-8","NEW YORK","NEW YORK","NORTHEAST",4);
INSERT INTO TPINVOICE VALUES(200009,50009,8240244,1660,83378,"2020-3-11","PROVIDENCE","RHODE ISLAND","NORTHEAST",1);
INSERT INTO TPINVOICE VALUES(200010,50056,8240223,1662,83398,"2020-3-28","ATLANTA","GEORGIA","SOUTH",5);
INSERT INTO TPINVOICE VALUES(200011,50049,8240239,1661,83403,"2020-4-4","IRVINE","CALIFORNIA","WEST",1);
INSERT INTO TPINVOICE VALUES(200012,50038,8240234,1682,83312,"2020-4-20","ISELIN","NEW JERSEY","NORTHEAST",2);
INSERT INTO TPINVOICE VALUES(200013,50028,8240230,1689,83314,"2020-4-30","NEWARK","NEW JERSEY","NORTHEAST",3);
INSERT INTO TPINVOICE VALUES(200014,50031,8240222,1672,83366,"2020-5-5","ANN ARBOR","MICHIGAN","MIDWEST",4);
INSERT INTO TPINVOICE VALUES(200015,50009,8240248,1669,83308,"2020-5-8","SAN JOSE","CALIFORNIA","WEST",5);
INSERT INTO TPINVOICE VALUES(200016,50049,8240246,1661,83321,"2020-5-13","WILMINGTON","DELAWARE","SOUTH",3);
INSERT INTO TPINVOICE VALUES(200017,50068,8240230,1660,83332,"2020-5-24","HOBOKEN","NEW JERSEY","NORTHEAST",3);
INSERT INTO TPINVOICE VALUES(200018,50052,8240246,1669,83321,"2020-6-2","LOS ANGELES","CALIFORNIA","WEST",4);
INSERT INTO TPINVOICE VALUES(200019,50024,8240238,1672,83366,"2020-7-17","RICHMOND","VIRGINIA","SOUTH",4);
INSERT INTO TPINVOICE VALUES(200020,50067,8240235,1689,83347,"2020-7-19","DISTRICT OF COLUMBIA","DISTRICT OF COLUMBIA","SOUTH",4);
INSERT INTO TPINVOICE VALUES(200021,50028,8240232,1682,83312,"2020-7-19","OAKLAND","CALIFORNIA","WEST",4);
INSERT INTO TPINVOICE VALUES(200022,50031,8240232,1689,83403,"2020-7-20","SAN FRANCISCO","CALIFORNIA","WEST",3);
INSERT INTO TPINVOICE VALUES(200023,50030,8240245,1666,83371,"2020-7-24","MIAMI","FLORIDA","SOUTH",2);
INSERT INTO TPINVOICE VALUES(200024,50049,8240227,1666,83314,"2020-8-1","BERKELEY","CALIFORNIA","WEST",1);
INSERT INTO TPINVOICE VALUES(200025,50038,8240243,1661,83318,"2020-8-4","SEATTLE","WASHINGTON","WEST",5);
INSERT INTO TPINVOICE VALUES(200026,50068,8240246,1682,83382,"2020-8-13","CONCORD","NEW HAMPSHIRE","NORTHEAST",3);
INSERT INTO TPINVOICE VALUES(200027,50011,8240224,1660,83372,"2020-8-20","SALT LAKE CITY","UTAH","WEST",3);
INSERT INTO TPINVOICE VALUES(200028,50056,8240240,1661,83382,"2020-8-31","ORLANDO","FLORIDA","SOUTH",2);
INSERT INTO TPINVOICE VALUES(200029,50047,8240235,1682,83403,"2020-9-24","ISELIN","NEW JERSEY","NORTHEAST",2);
INSERT INTO TPINVOICE VALUES(200030,50005,8240227,1667,83385,"2020-9-26","PHILADELPHIA","PENNSYLVANIA","NORTHEAST",1);
INSERT INTO TPINVOICE VALUES(200031,50028,8240224,1661,83332,"2020-10-4","DISTRICT OF COLUMBIA","DISTRICT OF COLUMBIA","SOUTH",2);
INSERT INTO TPINVOICE VALUES(200032,50047,8240242,1660,83372,"2020-11-25","SAN DIEGO","CALIFORNIA","WEST",4);
INSERT INTO TPINVOICE VALUES(200033,50047,8240239,1676,83371,"2020-11-25","RIVERSIDE","CALIFORNIA","WEST",4);
INSERT INTO TPINVOICE VALUES(200034,50031,8240237,1660,83314,"2020-11-26","NEW YORK","NEW YORK","NORTHEAST",3);
INSERT INTO TPINVOICE VALUES(200035,50009,8240244,1660,83359,"2020-11-26","ALBANY","NEW YORK","NORTHEAST",1);
INSERT INTO TPINVOICE VALUES(200036,50052,8240238,1682,83366,"2020-11-26","CLEVELAND","OHIO","MIDWEST",2);
INSERT INTO TPINVOICE VALUES(200037,50052,8240247,1689,83308,"2020-11-26","ROCHESTER","NEW YORK","NORTHEAST",2);
INSERT INTO TPINVOICE VALUES(200038,50067,8240242,1662,83312,"2020-12-27","MOUNTAIN VIEW","CALIFORNIA","WEST",5);
INSERT INTO TPINVOICE VALUES(200039,50067,8240240,1682,83308,"2020-12-28","DALLAS","TEXAS","SOUTH",2);
INSERT INTO TPINVOICE VALUES(200040,50049,8240237,1676,83321,"2020-12-30","NEW YORK","NEW YORK","NORTHEAST",5);
INSERT INTO TPINVOICE VALUES(200041,50049,8240225,1669,83382,"2020-12-30","STAMFORD","CONNECTICUT","NORTHEAST",5);
INSERT INTO TPINVOICE VALUES(200042,50038,8240226,1669,83385,"2020-12-31","MOUNTAIN VIEW","CALIFORNIA","WEST",1);
INSERT INTO TPINVOICE VALUES(200043,50031,8240247,1682,83398,"2020-12-31","DALLAS","TEXAS","SOUTH",3);

INSERT INTO TPPRODUCT VALUES (50062,2001,103,1204,'graphics tablet',1399);
INSERT INTO TPPRODUCT VALUES (50014,2001,103,1202,'mechanical keyboard',399);
INSERT INTO TPPRODUCT VALUES (50031,2001,104,1204,'DSLR camera',1499);
INSERT INTO TPPRODUCT VALUES (50024,2011,103,1203,'powered sit to stand table',1799);
INSERT INTO TPPRODUCT VALUES (50005,2012,103,1204,'studio headphone',899);
INSERT INTO TPPRODUCT VALUES (50035,2012,101,1201,'commercial photocopier',2299);
INSERT INTO TPPRODUCT VALUES (50068,2012,101,1204,'85inch Screen 4K',1315);
INSERT INTO TPPRODUCT VALUES (50052,2012,104,1204,'4K projector',2089);
INSERT INTO TPPRODUCT VALUES (50030,2019,103,1205,'Purifier Humidify+Cool Formaldehyde',1099);
INSERT INTO TPPRODUCT VALUES (50028,2019,102,1203,'massage chair',3885);
INSERT INTO TPPRODUCT VALUES (50100,2019,104,1201,'file cabinet trolley aluminum',999);
INSERT INTO TPPRODUCT VALUES (50029,2019,104,1205,'full auto coffee machine',1278);
INSERT INTO TPPRODUCT VALUES (50049,2019,101,1204,'ergonomics chair',1178);
INSERT INTO TPPRODUCT VALUES (50047,2019,103,1203,'group sofa',2025);
INSERT INTO TPPRODUCT VALUES (50038,2019,104,1203,'lounge chair',999);
INSERT INTO TPPRODUCT VALUES (50067,2098,104,1206,'512GB SD card',159);
INSERT INTO TPPRODUCT VALUES (50056,2098,102,1202,'4TB Server',2499);
INSERT INTO TPPRODUCT VALUES (50087,2098,102,1201,'Workstation',1899);
INSERT INTO TPPRODUCT VALUES (50011,2098,103,1202,'QHD 24inch Display',599);
INSERT INTO TPPRODUCT VALUES (50009,2098,103,1204,'HD stereo system',699);
